{"cameraMode":{"drawMode":0,"name":"Shaded","section":"Shading Mode"},"sceneLighting":true,"audioPlay":false,"sceneViewState":{"showFog":true,"showMaterialUpdate":false,"showSkybox":true,"showFlares":true,"showImageEffects":true,"showParticleSystems":true},"in2DMode":false,"pivot":{"x":1.7836427688598633,"y":1.5330471992492676,"z":-1.5551948547363282},"rotation":{"x":-0.24652749300003053,"y":-0.24920327961444856,"z":0.06575698405504227,"w":-0.9342366456985474},"size":8.964066505432129,"orthographic":false}